,sex,IMD5,dx7CHD,dx7NSTEMI,dx7STEMI,dx7UA,earlyPCI,earlyCABG,recurrent_mi,nitrates_long,smcatcurrent,smcatex,hypertension,diabetes,hist_hf,hist_pad,hist_af,hist_stroke,hist_renal,hist_copd,hist_cancer,hist_liver,depression,hist_anxiety,age0_ori,pulse_rate_ori,HDL_ori,TCHOL_ori,CREAT_ori,WCC_ori,HGB_ori,sex:age0
pegasus,0.39814573,0.190780883,0,0.641551319,0.358448681,0,0.231130844,0.064768869,0.267824497,0.27017498,0.279942544,0.354583442,0.68093497,0.220553669,0.279315748,0.107208148,0.196657091,0,0.109819796,0.235962392,0.112562027,0.010968921,0.141028989,0.073256725,75.11060329,70.00348959,1.322589565,4.218231686,105.7010568,7.638091147,13.27025541,3.239488117
odyssey,0.438031525,0.198871397,0.217196239,0.123211134,0.083785805,0.129739484,0.1031894,0.045652586,0.204434652,0.291502577,0.344939731,0.324445419,0.754969542,0.159440085,0.260146958,0.088673094,0.157884767,0.097366926,0.069311373,0.235231952,0.091933281,0.00982044,0.166319379,0.078015174,69.46779195,72.13109185,1.364681329,4.748762534,100.7362138,7.476245096,13.58319038,0.965025274
